{"mean":{"confidence_interval":{"confidence_level":0.95,"lower_bound":241711858.86625,"upper_bound":247106217.29},"point_estimate":244019415.4,"standard_error":1398789.6910904718},"median":{"confidence_interval":{"confidence_level":0.95,"lower_bound":241778417.75,"upper_bound":244704560.25},"point_estimate":243184770.75,"standard_error":692620.7412268501},"median_abs_dev":{"confidence_interval":{"confidence_level":0.95,"lower_bound":191656.0692474246,"upper_bound":5086743.800242245},"point_estimate":1386442.9871857166,"standard_error":1209093.282457644},"slope":null,"std_dev":{"confidence_interval":{"confidence_level":0.95,"lower_bound":1040208.7165814115,"upper_bound":6909986.061924104},"point_estimate":4680715.497407948,"standard_error":1739983.336898671}}