{"mean":{"confidence_interval":{"confidence_level":0.95,"lower_bound":21649730.72486111,"upper_bound":22268414.621761907},"point_estimate":21937127.4165873,"standard_error":159158.83738405185},"median":{"confidence_interval":{"confidence_level":0.95,"lower_bound":21557017.9,"upper_bound":22337661.066666666},"point_estimate":21712898.155555554,"standard_error":212641.62851302134},"median_abs_dev":{"confidence_interval":{"confidence_level":0.95,"lower_bound":56701.0080573586,"upper_bound":874023.7520129805},"point_estimate":448927.88511260157,"standard_error":212640.9354638825},"slope":{"confidence_interval":{"confidence_level":0.95,"lower_bound":21555831.601694915,"upper_bound":22367800.58655462},"point_estimate":21859767.22857143,"standard_error":211043.50313619236},"std_dev":{"confidence_interval":{"confidence_level":0.95,"lower_bound":239543.2451393529,"upper_bound":677123.326355906},"point_estimate":527451.458344304,"standard_error":113634.93858807058}}