{"mean":{"confidence_interval":{"confidence_level":0.95,"lower_bound":258282221.2,"upper_bound":262748222.7},"point_estimate":260419199.4,"standard_error":1138584.7377437055},"median":{"confidence_interval":{"confidence_level":0.95,"lower_bound":257326532.0,"upper_bound":264428766.0},"point_estimate":258686839.5,"standard_error":2027157.7418360775},"median_abs_dev":{"confidence_interval":{"confidence_level":0.95,"lower_bound":622255.363252759,"upper_bound":6158659.504061937},"point_estimate":3240271.1682736874,"standard_error":1540242.2120735832},"slope":null,"std_dev":{"confidence_interval":{"confidence_level":0.95,"lower_bound":2277698.091721945,"upper_bound":4500019.383357098},"point_estimate":3806795.311391706,"standard_error":577208.187234089}}