{"mean":{"confidence_interval":{"confidence_level":0.95,"lower_bound":589330523.8,"upper_bound":619454999.56},"point_estimate":603666096.7,"standard_error":7745355.034986831},"median":{"confidence_interval":{"confidence_level":0.95,"lower_bound":584876047.0,"upper_bound":626123626.5},"point_estimate":601652451.0,"standard_error":8483686.012488516},"median_abs_dev":{"confidence_interval":{"confidence_level":0.95,"lower_bound":2844175.3115057945,"upper_bound":46043503.9506644},"point_estimate":19285839.110907912,"standard_error":10997086.85981382},"slope":null,"std_dev":{"confidence_interval":{"confidence_level":0.95,"lower_bound":11281867.243480261,"upper_bound":32657552.316234212},"point_estimate":25848840.66339249,"standard_error":5449609.854178802}}